feature_id,area,feature,user_story,expected_behavior,entry_points,source_evidence,test_strategy,feature_status,test_status,last_tested,test_result,defects,fix_status,notes
US-001,Startup,Interactive TUI cold start,"As a developer, I can run AgenC with no prompt in a TTY and get the interactive terminal UI.","When stdin and stdout are TTYs and no routing flag forces headless mode, the CLI boots the Ink TUI with an empty composer.","agenc","runtime/src/bin/route.ts;runtime/src/bin/agenc.ts;runtime/src/tui/main.tsx","check:tui-runtime-startup;check:tui-e2e scenario 01-cold-start",Implemented,Passed,2026-06-22,"PASS: npm run build succeeded, then check:tui-runtime-startup imported dist/tui/main.js and cleanly spawned agenc in PTYs at 148x40, 120x30, and 80x24.",None known,Not needed,
US-002,Startup,TUI startup prompt,"As a developer, I can pass a prompt on the CLI and have it preloaded/submitted through the TUI path.","In an interactive TTY with argv prompt text, routing strips startup flags and boots the TUI with initialPrompt and startup image metadata.","agenc <prompt>","runtime/src/bin/route.ts;runtime/src/bin/agenc.ts","check:tui-e2e scenario 02-type-and-submit;scenario 44-yolo-cwd-context",Implemented,Passed,2026-06-22,"PASS: agenc.cli-branch contract verified TTY argv routes to bootTUI with initialPrompt; agenc.test verified bootTUI streams startup prompt/images as one daemon message.",None known,Not needed,
US-003,Startup,Print mode,"As a script author, I can run one-shot headless prompts and receive terminal output without the TUI.","-p or --print routes before TTY branches to the daemon-backed one-shot path with startup images preserved.","agenc -p <prompt>;agenc --print <prompt>","runtime/src/bin/route.ts;runtime/src/bin/agenc.ts","check:tui-e2e scenario 36-print-mode-basic;scenario 37-print-mode-yolo",Implemented,Passed,2026-06-22,"PASS: agenc.cli-branch and agenc.test contract coverage verified oneShotCLI routing/daemon prompt-agent behavior for non-TUI startup paths, including startup image forwarding.",None known,Not needed,
US-004,Startup,No-TUI mode,"As a script author, I can force one-shot mode even from an interactive terminal.","--no-tui routes to oneShotCLI after resume/continue/print handling and strips the flag from prompt text.","agenc --no-tui <prompt>","runtime/src/bin/route.ts","check:tui-e2e scenario 58-cli-no-tui-flag",Implemented,Passed,2026-06-22,"PASS: agenc.cli-branch verified --no-tui forces oneShotCLI in an interactive TTY and forwards startup images to oneShotCLI.",None known,Not needed,
US-005,Startup,Piped stdin one-shot,"As a shell user, I can pipe text into AgenC and avoid TUI escape output.","Non-TTY stdin routes to oneShotCLI; stdout non-TTY fallback also avoids the TUI.","echo text | agenc","runtime/src/bin/route.ts;runtime/src/bin/agenc.ts","check:tui-e2e scenario 55-stdin-not-tty",Implemented,Passed,2026-06-22,"PASS: agenc.cli-branch verified piped stdin plus argv routes to oneShotCLI and not bootTUI; project-trust-preflight covers piped one-shot trust preflight.",None known,Not needed,
US-006,Startup,Resume by session id,"As a returning user, I can resume a specific prior session in an interactive terminal.","--resume or -r with a non-empty id routes to resumeTUI; non-TTY resume returns exit 2 with a clear error.","agenc --resume <session-id>;agenc -r <session-id>","runtime/src/bin/route.ts;runtime/src/bin/resume-session.ts","check:tui-e2e scenario 57-cli-resume-no-session;unit route tests",Implemented,Passed,2026-06-22,"PASS: agenc.cli-branch verified --resume and --resume=<id> dispatch through resumeTUI and non-TTY resume classifies as error; resume-session tests covered latest/session id resolution.",None known,Not needed,
US-007,Startup,Continue latest session,"As a returning user, I can continue the latest project session.","--continue or -c routes to continueTUI separately from plain agenc, which starts fresh.","agenc --continue;agenc -c","runtime/src/bin/route.ts;runtime/src/bin/resume-session.ts","runtime/tests/commands/resume.test.ts;targeted CLI resume smoke",Implemented,Passed,2026-06-22,"PASS: agenc.cli-branch verified --continue dispatches through continueTUI; resume-session tests verified newest project session resolution for --continue.",None known,Not needed,
US-008,Startup,Provider and model overrides,"As a user, I can pick provider/model for this session without editing config.","--provider and --model are stripped from prompt text, read during startup selection, and applied to session configuration.","agenc --provider <name> --model <id>","runtime/src/bin/route.ts;runtime/src/bin/startup-selection.ts;runtime/src/bin/bootstrap.ts","runtime/tests/commands/model-options-xai.test.ts;runtime/tests/llm/provider-parity.test.ts",Implemented,Passed,2026-06-22,"PASS: bin-route verified consumed --model/--provider flags are stripped from prompt text; startup-selection tests verified provider/model resolution precedence; model-options-xai tests passed in targeted startup batch.",None known,Not needed,
US-009,Startup,Profile override,"As a user with named config profiles, I can select a profile for one run.","--profile is stripped from prompt text and read by startup selection/config resolution.","agenc --profile <name>","runtime/src/bin/route.ts;runtime/src/config/profiles.ts;runtime/src/bin/startup-selection.ts","targeted startup-selection unit tests;manual config profile smoke",Implemented,Passed,2026-06-22,"PASS: startup-selection and config profile coverage passed in the 37-file CLI batch with 581 tests, verifying --profile startup selection and profile-aware config resolution.",None known,Not needed,
US-010,Startup,Permission mode flags,"As a user, I can choose the startup approval behavior from the CLI.","--permission-mode accepts user-addressable modes; yolo/bypass flags map to bypass permissions behavior; unsafe skip flag bypasses approval prompts.","agenc --permission-mode <mode>;agenc --yolo;agenc --dangerously-bypass-approvals-and-sandbox;agenc --allow-dangerously-skip-permissions","runtime/src/bin/agenc.ts;runtime/src/permissions/types.ts;runtime/src/permissions/permission-mode.ts","runtime/tests/permissions/permission-mode.test.ts;check:tui-e2e scenario 54-yolo-footer-glyph",Implemented,Passed,2026-06-22,"PASS: permission-mode tests verified external/internal modes and cycling; check:tui-runtime-startup cleanly spawned agenc --yolo at three PTY sizes.",None known,Not needed,
US-011,Startup,Startup image attachments,"As a user, I can attach images to the startup prompt.","Repeated --image values are preserved through routing and normalized into prompt content parts.","agenc --image <file|url|data-url> <prompt>","runtime/src/bin/route.ts;runtime/src/bin/agenc.ts;runtime/src/prompts/attachments/user-image-input.ts","runtime/tests/prompts/attachments/integration.test.ts;targeted CLI image smoke",Implemented,Passed,2026-06-22,"PASS: agenc.cli-branch verified repeated --image values are forwarded to bootTUI/oneShotCLI; agenc.test verified startup prompt and images stream as one daemon message; attachment integration tests passed.",None known,Not needed,
US-012,Startup,Help and version,"As a new user, I can discover commands and the installed version.","--help renders top-level help, help <topic> renders command-specific help, and --version prints VERSION.","agenc --help;agenc help <topic>;agenc --version","runtime/src/bin/agenc.ts;runtime/src/index.ts","check:tui-e2e scenario 38-cli-version;scenario 39-cli-help;runtime/tests/commands/help.test.ts",Implemented,Passed,2026-06-22,"PASS: node runtime/bin/agenc --version printed agenc 0.2.0; --help printed top-level usage; help config and help permissions printed command-specific help.",None known,Not needed,
US-013,Trust and onboarding,Workspace trust prompt,"As a user opening an untrusted project, I am asked to trust it before a session can run.","Startup checks project trust roots, displays sources, and records accepted trust for the session/project.","agenc;TUI trust prompt","runtime/src/bin/agenc.ts;runtime/src/permissions/trust/project-trust.ts;runtime/src/permissions/trust/TrustDialog.tsx","check:tui-e2e scenario 53-trust-prompt-bypass;runtime/tests/permissions/trust/project-trust.test.ts",Implemented,Passed,2026-06-22,"PASS: project-trust-preflight tests verified trust preflight blocks untrusted one-shot/direct/piped startup before tool bootstrap; startup PTY smoke covered interactive launch path without fatal trust UI errors.",None known,Not needed,
US-014,Trust and onboarding,API key onboarding,"As a first-time user, I can enter and verify an API key in the TUI.","Onboarding components collect/paste API keys, verify via provider logic, and store state for the project.","TUI onboarding","runtime/src/onboarding/Onboarding.tsx;runtime/src/onboarding/ApproveApiKey.tsx;runtime/src/onboarding/useApiKeyVerification.ts","runtime/tests/tui/components/App.render.test.tsx;targeted onboarding smoke",Implemented,Passed,2026-06-22,"PASS: onboarding and App.render coverage passed in the 37-file CLI batch with 581 tests, verifying API-key onboarding render/state paths and first-run startup surface.",None known,Not needed,
US-015,CLI init,Project initialization,"As a project owner, I can create AgenC project files.","agenc init writes .agenc/config.json and AGENC.md; --force overwrites existing AgenC project files; errors are printed with help.","agenc init;agenc init --force","runtime/src/bin/init-cli.ts;runtime/src/config/project-init.ts","check:tui-e2e scenario 18-slash-init;runtime/tests/commands/commands.upstream.test.ts",Implemented,Passed,2026-06-22,"PASS: node runtime/bin/agenc init in a temp project created AGENC.md and .agenc/config.json with default grok-4.3/project config.",None known,Not needed,
US-016,CLI auth,Login,"As a user, I can sign in through the configured auth backend.","login invokes the auth backend, surfaces device-code instructions when needed, and prints the resolved identity.","agenc login","runtime/src/bin/auth-cli.ts;runtime/src/auth/selection.ts","runtime/tests/bin/auth-cli.contract.test.ts;runtime/tests/auth/*.test.ts",Implemented,Passed,2026-06-22,"PASS: auth-cli contract tests covered local login persistence, remote login persistence, and remote device-code instructions; targeted auth/state run passed 15 tests.",None known,Not needed,
US-017,CLI auth,Logout,"As a signed-in user, I can clear the auth session.","logout calls backend.logout for session cli and prints Logged out.","agenc logout","runtime/src/bin/auth-cli.ts","runtime/tests/bin/auth-cli.contract.test.ts",Implemented,Passed,2026-06-22,"PASS: temp AGENC_HOME node runtime/bin/agenc logout printed Logged out and exited 0; auth-cli contract tests verify logout clears local login state.",None known,Not needed,
US-018,CLI auth,Whoami,"As a user, I can inspect current auth identity.","whoami prints the formatted identity when authenticated; when unauthenticated it prints Not logged in and exits 1.","agenc whoami","runtime/src/bin/auth-cli.ts","runtime/tests/bin/auth-cli.contract.test.ts",Implemented,Passed,2026-06-22,"PASS: temp AGENC_HOME node runtime/bin/agenc whoami printed Not logged in and exited 1; auth-cli contract tests verify authenticated local and remote identity output.",None known,Not needed,
US-019,CLI providers,Provider readiness report,"As a user, I can see which model providers are ready.","providers reports BYOK key status, local server health unless skipped, and subscription tier; --json emits machine-readable JSON.","agenc providers;agenc providers --json;agenc providers --no-local-check","runtime/src/bin/providers-cli.ts;runtime/src/llm/discovery/provider-discovery.ts","runtime/tests/utils/providerDiscovery.test.ts;runtime/tests/commands/provider.test.ts",Implemented,Passed,2026-06-22,"PASS: temp AGENC_HOME node runtime/bin/agenc providers --json --no-local-check returned JSON entries with authBackendKind, subscriptionTier, provider statuses, skipped local checks.",None known,Not needed,
US-020,CLI config,Show effective config,"As a user, I can inspect the effective runtime configuration.","config show migrates readable config, applies environment overrides, validates, and prints a formatted snapshot or a non-zero invalid-config error.","agenc config show","runtime/src/bin/config-cli.ts;runtime/src/commands/config.ts;runtime/src/config/loader.ts","runtime/tests/commands/config.test.ts;runtime/tests/gaphunt3/commands-config.test.ts",Implemented,Passed,2026-06-22,"PASS: temp AGENC_HOME node runtime/bin/agenc config show exited 0 and printed JSON effective config including model, provider, permissions, daemon, and agenc_home.",None known,Not needed,"Also covered by targeted vitest run: commands/config, help, provider, providerDiscovery, commands.upstream; 93 tests passed."
US-021,CLI config,Get config value,"As a user, I can read one config value by dot path.","config get validates path segments, loads effective config, and prints the selected value.","agenc config get <dot.path>","runtime/src/bin/config-cli.ts;runtime/src/commands/config.ts","runtime/tests/commands/config.test.ts",Implemented,Passed,2026-06-22,"PASS: temp AGENC_HOME config get model returned grok-4.3 after set and default grok-4.3 after unset.",None known,Not needed,
US-022,CLI config,Set config value,"As a user, I can persist one config value from the CLI.","config set parses the value as TOML when possible, rejects unsafe dot-path segments, writes config.toml atomically with mode 0600, and preserves parseable structure.","agenc config set <dot.path> <value>","runtime/src/bin/config-cli.ts;runtime/src/config/migrate.ts","runtime/tests/commands/config.test.ts;manual temp AGENC_HOME smoke",Implemented,Passed,2026-06-22,"PASS: temp AGENC_HOME config set model grok-4.3 wrote config.toml and reported Set model.",None known,Not needed,
US-023,CLI config,Unset config value,"As a user, I can remove one config value from the CLI.","config unset removes the selected dot path from config.toml and reports errors for invalid/missing target shapes.","agenc config unset <dot.path>","runtime/src/bin/config-cli.ts","runtime/tests/commands/config.test.ts;manual temp AGENC_HOME smoke",Implemented,Passed,2026-06-22,"PASS: temp AGENC_HOME config unset model reported Unset model and subsequent get model resolved the default.",None known,Not needed,
US-024,CLI config,Validate config,"As a user, I can gate scripts on config validity.","config validate fails on parse errors, schema validation errors, or warnings; success prints Config valid with the loaded path.","agenc config validate","runtime/src/bin/config-cli.ts;runtime/src/config/schema.ts","runtime/tests/commands/config.test.ts",Implemented,Passed,2026-06-22,"PASS: temp AGENC_HOME config validate printed Config valid with the temp config.toml path and exited 0.",None known,Not needed,
US-025,CLI config,Edit config,"As a user, I can open config.toml in my editor.","config edit resolves VISUAL/EDITOR, creates a writable config target when needed, runs the editor, and propagates editor failures.","agenc config edit","runtime/src/bin/config-cli.ts;runtime/src/commands/config.ts","targeted config-cli unit with fake spawner",Implemented,Passed,2026-06-22,"PASS: commands/config and gaphunt commands-config coverage passed in the 37-file CLI batch with 581 tests, including editor command handling for config edit.",None known,Not needed,
US-026,CLI config,Print config path,"As a user, I can locate the active config file.","config path prints the config.toml path under AGENC_HOME.","agenc config path","runtime/src/bin/config-cli.ts;runtime/src/config/env.ts","runtime/tests/commands/config.test.ts",Implemented,Passed,2026-06-22,"PASS: temp AGENC_HOME config path printed <temp>/home/config.toml.",None known,Not needed,
US-027,CLI doctor,Installation diagnostics,"As a user, I can diagnose install and environment problems.","doctor prints version, install type/path, package manager, update permissions, ripgrep status, warnings, and returns 1 when warnings exist; --json emits raw diagnostic.","agenc doctor;agenc doctor --json","runtime/src/bin/doctor-cli.ts;runtime/src/utils/doctorDiagnostic.ts","check:tui-e2e scenario 16-slash-doctor;targeted doctor-cli smoke",Implemented,Passed,2026-06-22,"PASS: node runtime/bin/agenc doctor --json exited 0 with JSON diagnostic, warnings empty, ripgrep working true.",None known,Not needed,
US-028,CLI daemon,Daemon start foreground,"As an operator, I can run the daemon in the foreground for services and debugging.","daemon start --foreground starts the local JSON-RPC daemon, writes runtime info, opens transports, installs shutdown handlers, and stays attached.","agenc daemon start --foreground","runtime/src/app-server/daemon-cli.ts;packaging/","check:tui-runtime-startup;runtime/tests/app-server-client/index.test.ts",Implemented,Passed,2026-06-22,"PASS: daemon-cli contract and heap/log coverage passed in the 37-file CLI batch with 581 tests; packaging smoke separately verified service foreground command wiring.",None known,Not needed,
US-029,CLI daemon,Daemon start detached,"As a user, I can start the local daemon in the background.","daemon start spawns a detached node child with bounded old-space args, writes pid/cookie/socket files, and waits for readiness.","agenc daemon start","runtime/src/app-server/daemon-cli.ts;runtime/src/app-server/daemon-autostart.ts","check:tui-e2e scenario 40-daemon-status;manual temp AGENC_HOME smoke",Implemented,Passed,2026-06-22,"PASS: daemon-cli contract and daemon heap/log coverage passed in the 37-file CLI batch with 581 tests, covering detached start readiness and bounded runtime options.",None known,Not needed,
US-030,CLI daemon,Daemon status,"As an operator, I can see whether the daemon is running and healthy.","daemon status reads pid state and enriches running output with health.stats when reachable.","agenc daemon status","runtime/src/app-server/daemon-cli.ts;runtime/src/app-server/health.ts","check:tui-e2e scenario 40-daemon-status;runtime/tests/gaphunt3/app-server-transport-websocket.test.ts",Implemented,Passed,2026-06-22,"PASS: temp AGENC_HOME node runtime/bin/agenc daemon status printed AgenC daemon stopped and exited 1, matching stopped-state status semantics.",None known,Not needed,
US-031,CLI daemon,Daemon stop,"As an operator, I can stop the local daemon cleanly.","daemon stop signals the pid, waits up to the stop timeout, removes runtime info, and reports errors when not running or unkillable.","agenc daemon stop","runtime/src/app-server/daemon-cli.ts","check:tui-e2e scenario 59-daemon-stop-clean;manual temp AGENC_HOME smoke",Implemented,Passed,2026-06-22,"PASS: daemon-cli contract coverage passed in the 37-file CLI batch with 581 tests, covering stop command behavior and stopped-state reporting.",None known,Not needed,
US-032,CLI daemon,Daemon reload and restart,"As an operator, I can reload config or restart the daemon.","daemon reload sends daemon.reload to a running daemon; restart stops then starts and reports failures clearly.","agenc daemon reload;agenc daemon restart","runtime/src/app-server/daemon-cli.ts;runtime/src/app-server/daemon-dispatcher.ts","check:tui-e2e scenario 87-daemon-restart-during-session;manual reload smoke",Implemented,Passed,2026-06-22,"PASS: daemon-cli contract coverage passed in the 37-file CLI batch with 581 tests, and prior daemon protocol coverage passed daemon dispatcher reload/restart paths.",None known,Not needed,
US-033,CLI agent,Start background agent,"As a user, I can start a long-lived background agent from the CLI.","agent start autostarts the daemon when enabled, sends agent.create with objective and unattended allow/deny lists, and prints only the agent id on success.","agenc agent start <objective>","runtime/src/app-server/agent-cli.ts;runtime/src/app-server/background-agent-runner.ts","runtime/tests/gaphunt3/app-server-agent-cli.test.ts;manual fake-provider smoke",Implemented,Passed,2026-06-22,"PASS: agent-cli, background-agent-runner, and gaphunt app-server-agent-cli coverage passed in the 37-file CLI batch with 581 tests.",None known,Not needed,
US-034,CLI agent,List background agents,"As a user, I can inspect active background agents.","agent list asks the daemon for agent.list and prints a tabular summary or empty-state output.","agenc agent list","runtime/src/app-server/agent-cli.ts;runtime/src/agents/status.ts","runtime/tests/gaphunt3/app-server-agent-cli.test.ts",Implemented,Passed,2026-06-22,"PASS: agent-cli and gaphunt app-server-agent-cli coverage passed in the 37-file CLI batch with 581 tests, covering list output and daemon request handling.",None known,Not needed,
US-035,CLI agent,Attach background agent,"As a user, I can attach a TUI to a running background agent.","agent attach validates exactly one id, calls agent.attach, resolves attach cwd, and opens the TUI client for the daemon session.","agenc agent attach <id>","runtime/src/app-server/agent-cli.ts;runtime/src/tui/daemon-session.ts","runtime/tests/gaphunt3/app-server-agent-cli.test.ts;manual attach smoke",Implemented,Passed,2026-06-22,"PASS: agent-cli and gaphunt app-server-agent-cli coverage passed in the 37-file CLI batch with 581 tests, covering attach argument validation and TUI attach dispatch.",None known,Not needed,
US-036,CLI agent,Stop background agent,"As a user, I can stop a running background agent.","agent stop validates exactly one id, calls agent.stop, and prints daemon result/errors.","agenc agent stop <id>","runtime/src/app-server/agent-cli.ts;runtime/src/app-server/agent-lifecycle.ts","runtime/tests/gaphunt3/app-server-agent-cli.test.ts",Implemented,Passed,2026-06-22,"PASS: agent-cli and gaphunt app-server-agent-cli coverage passed in the 37-file CLI batch with 581 tests, covering stop command validation and daemon result handling.",None known,Not needed,
US-037,CLI agent,Read background agent logs,"As a user, I can inspect an agent's persisted transcript without attaching.","agent logs calls agent.logs and prints local log/transcript content for the requested id.","agenc agent logs <id>","runtime/src/app-server/agent-cli.ts;runtime/src/app-server/agent-lifecycle.ts","runtime/tests/gaphunt3/app-server-agent-cli.test.ts;manual log smoke",Implemented,Passed,2026-06-22,"PASS: agent-cli and gaphunt app-server-agent-cli coverage passed in the 37-file CLI batch with 581 tests, covering log command validation and output handling.",None known,Not needed,
US-038,CLI MCP,Serve AgenC tools over MCP,"As an integrator, I can expose AgenC tools as an MCP server.","mcp serve starts stdio or SSE transport using config defaults; --host/--port are rejected at CLI level for serve.","agenc mcp serve --transport stdio;agenc mcp serve --transport sse","runtime/src/bin/mcp-cli.ts;runtime/src/mcp/server/start.ts;runtime/src/mcp-server/","check:tui-e2e scenario 41-mcp-serve-noop;runtime/tests/mcp-server/tools.test.ts",Implemented,Passed,2026-06-22,"PASS: mcp-server and gaphunt HTTP/SSE MCP coverage passed in the 37-file CLI batch with 581 tests, covering server startup surfaces and transport behavior.",None known,Not needed,
US-039,CLI MCP,Add MCP server,"As a user, I can add a local or remote MCP server to config.","mcp add parses transport, scope, env and header options, then persists server config via the MCP handler.","agenc mcp add <name> <command-or-url> [args...]","runtime/src/bin/mcp-cli.ts;runtime/src/cli/handlers/mcp.tsx","runtime/tests/commands/mcp.test.ts;runtime/tests/services/mcp/config.test.ts",Implemented,Passed,2026-06-22,"PASS: commands/mcp and services/mcp config coverage passed in the 37-file CLI batch with 581 tests, covering add parsing and persisted server config.",None known,Not needed,
US-040,CLI MCP,List and get MCP servers,"As a user, I can see configured MCP servers and inspect one by name.","mcp list prints configured servers; mcp get requires one name and prints server details.","agenc mcp list;agenc mcp get <name>","runtime/src/bin/mcp-cli.ts;runtime/src/cli/handlers/mcp.tsx","runtime/tests/commands/mcp.test.ts",Implemented,Passed,2026-06-22,"PASS: temp AGENC_HOME node runtime/bin/agenc mcp list exited 0 and printed the empty-config guidance. Automated: commands/mcp test file passed in targeted 58-test batch.",None known,Not needed,
US-041,CLI MCP,Remove MCP server,"As a user, I can remove an MCP server from a chosen config scope.","mcp remove parses optional scope, requires one name, and delegates removal to MCP handler.","agenc mcp remove <name> --scope <scope>","runtime/src/bin/mcp-cli.ts;runtime/src/cli/handlers/mcp.tsx","runtime/tests/commands/mcp.test.ts",Implemented,Passed,2026-06-22,"PASS: commands/mcp coverage passed in the 37-file CLI batch with 581 tests, covering remove command parsing and handler delegation.",None known,Not needed,
US-042,CLI MCP,Add MCP server from JSON,"As a user, I can import an MCP server definition from JSON.","mcp add-json requires name and JSON, accepts scope and client-secret flag, and persists via handler.","agenc mcp add-json <name> <json>","runtime/src/bin/mcp-cli.ts;runtime/src/cli/handlers/mcp.tsx","runtime/tests/commands/mcp.test.ts",Implemented,Passed,2026-06-22,"PASS: commands/mcp coverage passed in the 37-file CLI batch with 581 tests, covering add-json validation and persistence delegation.",None known,Not needed,
US-043,CLI MCP,Import desktop MCP config,"As a user migrating config, I can import servers from AgenC Desktop config.","mcp add-from-agenc-desktop accepts only optional scope and delegates desktop import.","agenc mcp add-from-agenc-desktop","runtime/src/bin/mcp-cli.ts;runtime/src/cli/handlers/mcp.tsx","runtime/tests/commands/mcp.test.ts",Implemented,Passed,2026-06-22,"PASS: commands/mcp coverage passed in the 37-file CLI batch with 581 tests, covering desktop-import command validation and handler delegation.",None known,Not needed,
US-044,CLI MCP,Reset project MCP choices,"As a user, I can clear remembered project MCP approval choices.","mcp reset-project-choices accepts no positionals and resets project choice state via handler.","agenc mcp reset-project-choices","runtime/src/bin/mcp-cli.ts;runtime/src/cli/handlers/mcp.tsx","runtime/tests/commands/mcp.test.ts",Implemented,Passed,2026-06-22,"PASS: commands/mcp coverage passed in the 37-file CLI batch with 581 tests, covering reset-project-choices argument validation and handler delegation.",None known,Not needed,
US-045,CLI MCP,MCP doctor,"As a user, I can diagnose MCP config and server health.","mcp doctor optionally targets one server, supports scope, config-only, and json output, and delegates diagnostics to handler.","agenc mcp doctor [name] [--json] [--config-only]","runtime/src/bin/mcp-cli.ts;runtime/src/cli/handlers/mcp.tsx","runtime/tests/services/mcp/doctor.test.ts;runtime/tests/commands/mcp.test.ts",Implemented,Passed,2026-06-22,"PASS: temp AGENC_HOME node runtime/bin/agenc mcp doctor --json exited 0 with summary totals 0 and empty findings/servers. Automated: services/mcp/doctor and commands/mcp passed.",None known,Not needed,
US-046,CLI MCP,XAA auth management,"As an enterprise user, I can manage XAA IdP auth for MCP servers.","mcp xaa delegates setup/login/show/clear flows to the XAA handler and uses provided CLI IO/env.","agenc mcp xaa <setup|login|show|clear>","runtime/src/bin/mcp-cli.ts;runtime/src/cli/handlers/mcp-xaa.ts;runtime/src/services/mcp/xaa.ts","runtime/tests/services/mcp/auth-xaa-lock.test.ts;targeted xaa CLI smoke",Implemented,Passed,2026-06-22,"PASS: services/mcp XAA auth coverage passed in the 37-file CLI batch with 581 tests, including auth-xaa-lock behavior and MCP auth handling.",None known,Not needed,
US-047,CLI permissions,List permission rules and grants,"As an operator, I can inspect persisted permissions or live session/agent permissions.","permissions list prints current workspace grants or daemon live permissions; --json emits structured data; --agent and --session are mutually exclusive.","agenc permissions list [--json] [--agent <id>|--session <id>]","runtime/src/permissions/permission-cli.ts;runtime/src/permissions/permission-grants.ts","runtime/tests/permissions/permission-cli.test.ts;runtime/tests/permissions/permission-cli.dispatch.test.ts",Implemented,Passed,2026-06-22,"PASS: temp HOME/AGENC_HOME node runtime/bin/agenc permissions list exited 0 and printed tabular default permission mode. Automated: permissions/permission-cli passed.",None known,Not needed,
US-048,CLI permissions,Approve persisted rule,"As a user, I can persistently allow a tool rule.","permissions approve without --session parses a rule and writes it to user/project/local settings, recording an audit event.","agenc permissions approve --persist <user|project|local> <rule>","runtime/src/permissions/permission-cli.ts;runtime/src/permissions/settings.ts;runtime/src/permissions/rules.ts","runtime/tests/permissions/permission-cli.test.ts;runtime/tests/permissions/rules.test.ts",Implemented,Passed,2026-06-22,"PASS: permission-cli, rules, and tool-approval coverage passed in the 37-file CLI batch with 581 tests, covering persisted approve parsing and storage behavior.",None known,Not needed,
US-049,CLI permissions,Revoke persisted rule,"As a user, I can remove a persisted permission rule.","permissions revoke without --session parses the rule and removes it from the selected persisted settings scope with audit logging.","agenc permissions revoke --persist <user|project|local> <rule>","runtime/src/permissions/permission-cli.ts;runtime/src/permissions/settings.ts","runtime/tests/permissions/permission-cli.test.ts",Implemented,Passed,2026-06-22,"PASS: permission-cli and rules coverage passed in the 37-file CLI batch with 581 tests, covering persisted revoke parsing and storage behavior.",None known,Not needed,
US-050,CLI permissions,Resolve live permission request,"As an operator, I can approve or deny a pending request without opening the TUI.","permissions approve/revoke --session sends tool.approve/tool.deny to the daemon, with approve scope once/session/agent and optional deny reason.","agenc permissions approve --session <id> [--scope <scope>] <request-id>;agenc permissions revoke --session <id> [--reason <text>] <request-id>","runtime/src/permissions/permission-cli.ts;runtime/src/app-server/daemon-dispatcher.ts","runtime/tests/permissions/permission-cli.dispatch.test.ts;runtime/tests/permissions/tool-approval.test.ts",Implemented,Passed,2026-06-22,"PASS: permission-cli.dispatch and tool-approval coverage passed in the 37-file CLI batch with 581 tests, covering daemon-backed approval and denial dispatch.",None known,Not needed,
US-051,CLI plugin,List plugins,"As a user, I can see installed plugins.","plugin list prints installed plugin data; --json returns the raw result.","agenc plugin list [--json]","runtime/src/plugins/cli/pluginCliCommands.ts;runtime/src/plugins/cli/pluginOperations.ts","runtime/tests/plugins/cli/pluginCliCommands.test.ts;runtime/tests/plugins/loader.test.ts",Implemented,Passed,2026-06-22,"PASS: temp AGENC_HOME node runtime/bin/agenc plugin list --json exited 0 with plugins [] and errors []. Automated: pluginCliCommands passed.",None known,Not needed,
US-052,CLI plugin,Validate plugin or marketplace,"As a plugin author, I can validate a plugin directory or marketplace manifest.","plugin validate requires one path, supports --marketplace and --json, and exits non-zero on validation failure.","agenc plugin validate <path> [--marketplace] [--json]","runtime/src/plugins/cli/pluginCliCommands.ts;runtime/src/plugins/validation.ts","runtime/tests/plugins/cli/pluginCliCommands.test.ts;runtime/tests/plugins/validateOfficialNameSource.test.ts",Implemented,Passed,2026-06-22,"PASS: pluginCliCommands and validateOfficialNameSource coverage passed in the 37-file CLI batch with 581 tests, covering plugin validation command behavior.",None known,Not needed,
US-053,CLI plugin,Install plugin,"As a user, I can install a local plugin into a chosen scope.","plugin install requires one source, accepts scope/name/force, validates/copies plugin data, and reports destination.","agenc plugin install <path> [--scope <user|project|local>] [--name <name>] [--force]","runtime/src/plugins/cli/pluginCliCommands.ts;runtime/src/plugins/cli/pluginOperations.ts","runtime/tests/plugins/cli/pluginCliCommands.test.ts",Implemented,Passed,2026-06-22,"PASS: pluginCliCommands coverage passed in the 37-file CLI batch with 581 tests, covering install argument handling, scope/name/force options, and reporting.",None known,Not needed,
US-054,CLI plugin,Uninstall or update plugin,"As a user, I can remove or refresh an installed plugin.","plugin uninstall removes one plugin from a scope and optionally keeps data; plugin update refreshes from existing or supplied source.","agenc plugin uninstall <name>;agenc plugin update <name> [--source <path>]","runtime/src/plugins/cli/pluginCliCommands.ts;runtime/src/plugins/cli/pluginOperations.ts","runtime/tests/plugins/cli/pluginCliCommands.test.ts",Implemented,Passed,2026-06-22,"PASS: pluginCliCommands coverage passed in the 37-file CLI batch with 581 tests, covering uninstall/update command handling and option propagation.",None known,Not needed,
US-055,CLI plugin,Enable and disable plugins,"As a user, I can control which plugins load.","plugin enable writes enabled config, optional path; disable marks one plugin disabled; disable-all disables all currently enabled plugins.","agenc plugin enable <name>;agenc plugin disable <name>;agenc plugin disable-all","runtime/src/plugins/cli/pluginCliCommands.ts;runtime/src/plugins/registration/manager.ts","runtime/tests/plugins/pluginLoader-core.test.ts;runtime/tests/plugins/cli/pluginCliCommands.test.ts",Implemented,Passed,2026-06-22,"PASS: pluginCliCommands and pluginLoader-core coverage passed in the 37-file CLI batch with 581 tests, covering enable, disable, and disable-all behavior.",None known,Not needed,
US-056,CLI plugin,Manage marketplaces,"As a user, I can manage plugin marketplace sources.","plugin marketplace list/add/remove/upgrade manages marketplace index entries for local, git, URL, or GitHub sources and reports skipped upgrades.","agenc plugin marketplace <list|add|remove|upgrade>","runtime/src/plugins/cli/pluginCliCommands.ts;runtime/src/plugins/marketplace/marketplace.ts","runtime/tests/plugins/marketplace/marketplace.test.ts;runtime/tests/plugins/marketplace/fetchGuards.test.ts",Implemented,Passed,2026-06-22,"PASS: temp AGENC_HOME node runtime/bin/agenc plugin marketplace list --json exited 0 with marketplaces []. Automated: pluginCliCommands marketplace add/upgrade/list/remove coverage passed.",None known,Not needed,
US-057,CLI state,Export project state,"As an operator, I can export one agent's project state for debugging or migration.","state export requires one agent id, opens project state databases, and prints a JSON export payload.","agenc state export <agent-id>","runtime/src/bin/state-cli.ts;runtime/src/state/export-import.ts","runtime/tests/bin/state-cli.contract.test.ts;runtime/tests/state/export-import.test.ts",Implemented,Passed,2026-06-22,"PASS: temp AGENC_HOME state export agent_missing printed agent state not found and exited 1; state-cli/export-import tests cover positive JSON export with snapshots and tool calls.",None known,Not needed,
US-058,CLI state,Import project state,"As an operator, I can import a previously exported agent state payload.","state import reads JSON from stdin, validates it, upserts state rows, and prints imported snapshot/tool-call counts.","agenc state import < state.json","runtime/src/bin/state-cli.ts;runtime/src/state/export-import.ts","runtime/tests/bin/state-cli.contract.test.ts;runtime/tests/state/export-import.test.ts",Implemented,Passed,2026-06-22,"PASS: empty stdin state import printed state import requires a JSON payload and exited 1; state-cli/export-import tests cover positive import and malformed-payload rejection.",None known,Not needed,
US-059,TUI slash,Slash help,"As a TUI user, I can browse available slash commands.","/help loads the command surface, groups commands, filters by query, and prints matching commands and descriptions.","/help [query]","runtime/src/commands/help.ts;runtime/src/commands/registry.ts","check:tui-e2e scenario 14-slash-help;scenario 51-help-and-back;runtime/tests/commands/help.test.ts",Implemented,Passed,2026-06-22,"PASS: command tests passed help.test plus command-surface, registry, and tui-command-list coverage.",None known,Not needed,
US-060,TUI slash,Slash status,"As a TUI user, I can inspect current session/runtime status.","/status reports current model/provider, permission mode, cwd/session metadata, budget, task and runtime status from live session state.","/status","runtime/src/commands/status.ts;runtime/src/commands/status-menu.tsx","check:tui-e2e scenario 85-slash-status;runtime/tests/commands/status.test.ts",Implemented,Passed,2026-06-22,"PASS: 23-file slash-command batch passed status.test plus command-surface and registry coverage.",None known,Not needed,
US-061,TUI slash,Slash model,"As a TUI user, I can change model for subsequent turns.","/model with no args opens/selects model state; with args resolves model/provider and calls daemon/local session update for subsequent turns.","/model [model]","runtime/src/commands/model.ts;runtime/src/commands/model-menu.tsx","check:tui-e2e scenario 22-slash-model;runtime/tests/commands/model.test.ts",Implemented,Passed,2026-06-22,"PASS: 23-file slash-command batch passed model.test plus command-surface and registry coverage.",None known,Not needed,
US-062,TUI slash,Slash provider,"As a TUI user, I can switch providers during a session.","/provider resolves provider selection, default model for provider, and applies it to subsequent turns.","/provider [provider]","runtime/src/commands/provider.ts;runtime/src/commands/provider-menu.tsx","check:tui-e2e scenario 27-slash-provider;runtime/tests/commands/provider.test.ts",Implemented,Passed,2026-06-22,"PASS: 23-file slash-command batch passed provider.test plus command-surface and registry coverage.",None known,Not needed,
US-063,TUI slash,Slash permissions,"As a TUI user, I can inspect and change permission mode/rules.","/permissions supports interactive and textual management of modes and permission rules, with aliases approvals and allowed-tools.","/permissions; /approvals; /allowed-tools","runtime/src/commands/permissions.ts;runtime/src/commands/permissions-menu.tsx","check:tui-e2e scenario 83-slash-permissions;runtime/tests/commands/permissions.test.ts",Implemented,Passed,2026-06-22,"PASS: 23-file slash-command batch passed permissions.test plus command-surface and registry coverage.",None known,Not needed,
US-064,TUI slash,Slash plan,"As a TUI user, I can enter plan mode or view the current plan.","/plan transitions permission mode to plan, routes daemon-backed sessions through session.setPermissionMode, can forward plan prompt text, and displays plan state.","/plan [open|prompt]","runtime/src/commands/plan.ts;runtime/src/commands/plan-menu.tsx;runtime/src/session/plan-mode.ts","check:tui-e2e scenario 78-slash-plan;runtime/tests/commands/plan.test.ts",Implemented,Passed,2026-06-22,"PASS: 23-file slash-command batch passed plan.test plus command-surface and registry coverage.",None known,Not needed,
US-065,TUI slash,Slash agents,"As a TUI user, I can manage agent role/config definitions.","/agents opens an interactive TUI-only menu for listing, creating, editing, deleting, and viewing agent definitions; headless dispatch returns a clear error.","/agents","runtime/src/commands/agent-management.tsx;runtime/src/commands/agents-menu.tsx;runtime/src/agents/role-definitions.ts","check:tui-e2e scenario 23-slash-agents;runtime/tests/commands/agent-management.test.tsx",Implemented,Passed,2026-06-22,"PASS: 23-file slash-command batch passed agent-management.test.tsx plus command-surface and registry coverage.",None known,Not needed,
US-066,TUI slash,Slash tasks,"As a TUI user, I can inspect live background tasks and spawned agents.","/tasks displays live task/agent status, aliases jobs and bashes, and uses session/app-state task tracking.","/tasks; /jobs; /bashes","runtime/src/commands/tasks.ts;runtime/src/tui/components/TaskListV2.tsx","check:tui-e2e scenario 66-slash-tasks;runtime/tests/commands/tasks.test.ts",Implemented,Passed,2026-06-22,"PASS: 23-file slash-command batch passed tasks.test plus command-surface and registry coverage.",None known,Not needed,
US-067,TUI slash,Slash config,"As a TUI user, I can show and manage config from slash commands.","/config mirrors config show/get/set/unset/validate/edit/path behavior where supported and exposes alias settings.","/config; /settings","runtime/src/commands/config.ts;runtime/src/commands/config-menu.tsx","check:tui-e2e scenario 82-slash-config;runtime/tests/commands/config.test.ts",Implemented,Passed,2026-06-22,"PASS: 23-file slash-command batch passed config.test plus command-surface and registry coverage.",None known,Not needed,
US-068,TUI slash,Slash hooks,"As a TUI user, I can inspect and test configured hooks.","/hooks opens event/hook/detail/edit modes, discovers hook config, runs tests, and reports parsed hook output.","/hooks","runtime/src/commands/hooks.ts;runtime/src/commands/hooks-menu.tsx;runtime/src/hooks/","check:tui-e2e scenario 84-slash-hooks;runtime/tests/commands/hooks.test.ts",Implemented,Passed,2026-06-22,"PASS: 23-file slash-command batch passed hooks.test plus command-surface and registry coverage.",None known,Not needed,
US-069,TUI slash,Slash skills,"As a TUI user, I can inspect loaded skill roots and project skills.","/skills lists local/plugin skills, supports project skill management, and surfaces aliases/metadata.","/skills","runtime/src/commands/skills.ts;runtime/src/commands/skills-menu.tsx;runtime/src/skills/","check:tui-e2e scenario 75-slash-skills;runtime/tests/commands/skills.test.ts",Implemented,Passed,2026-06-22,"PASS: 23-file slash-command batch passed skills.test plus command-surface and registry coverage.",None known,Not needed,
US-070,TUI slash,Slash MCP,"As a TUI user, I can inspect and manage MCP servers from the session.","/mcp displays servers/tools/details and supports adding/enabling/disabling/reconnecting session MCP servers.","/mcp","runtime/src/commands/mcp.ts;runtime/src/commands/mcp-menu.tsx;runtime/src/mcp-client/","check:tui-e2e scenario 20-slash-mcp;runtime/tests/commands/mcp.test.ts",Implemented,Passed,2026-06-22,"PASS: 23-file slash-command batch passed mcp.test plus command-surface and registry coverage.",None known,Not needed,
US-071,TUI slash,Slash plugins,"As a TUI user, I can inspect loaded plugins and marketplaces.","/plugins lists loaded AgenC plugins, with aliases plugin and marketplace.","/plugins; /plugin; /marketplace","runtime/src/commands/plugins.tsx","runtime/tests/commands/plugins.test.tsx;manual slash plugin smoke",Implemented,Passed,2026-06-22,"PASS: 23-file slash-command batch passed plugins.test.tsx plus command-surface and registry coverage.",None known,Not needed,
US-072,TUI slash,Slash memory,"As a TUI user, I can open the AgenC memory editor.","/memory opens a local JSX memory editor surface for project/team/session memory.","/memory","runtime/src/commands/memory/slash.ts;runtime/src/commands/memory/memory.tsx;runtime/src/memory/","check:tui-e2e scenario 21-slash-memory;runtime/tests/commands/memory/memory.contract.test.tsx",Implemented,Passed,2026-06-22,"PASS: 23-file slash-command batch passed memory.contract.test.tsx plus command-surface and registry coverage.",None known,Not needed,
US-073,TUI slash,Slash resume,"As a TUI user, I can list resumable sessions and resume one.","/resume lists project sessions, supports id/title selection, and reattaches through the TUI resume entrypoint.","/resume; /sessions","runtime/src/commands/resume.ts;runtime/src/commands/resume-menu.tsx","check:tui-e2e scenario 26-slash-resume;runtime/tests/commands/resume.test.ts",Implemented,Passed,2026-06-22,"PASS: 23-file slash-command batch passed resume.test plus command-surface and registry coverage.",None known,Not needed,
US-074,TUI slash,Slash clear,"As a TUI user, I can clear current conversation history and caches.","/clear resets session history/caches and tolerates missing sidecars or budget tracker.","/clear; /reset; /new","runtime/src/commands/clear.ts","check:tui-e2e scenario 04-slash-clear;runtime/tests/commands/clear.test.ts",Implemented,Passed,2026-06-22,"PASS: 23-file slash-command batch passed clear.test plus command-surface and registry coverage.",None known,Not needed,
US-075,TUI slash,Slash compact and context,"As a TUI user, I can compact context and inspect context usage.","/compact triggers conversation compaction; /context or /ctx reports current context/token usage.","/compact; /context; /ctx","runtime/src/commands/session-compact.ts;runtime/src/services/compact/","check:tui-e2e scenario 15-slash-context;scenario 19-slash-compact;runtime/tests/commands/session-compact-context.test.ts",Implemented,Passed,2026-06-22,"PASS: 23-file slash-command batch passed session-compact-context.test plus command-surface and registry coverage.",None known,Not needed,
US-076,TUI slash,Slash diff,"As a TUI user, I can see uncommitted repository changes.","/diff shows git diff HEAD plus untracked files in the current workspace.","/diff","runtime/src/commands/diff.ts;runtime/src/commands/diff-menu.tsx","check:tui-e2e scenario 76-slash-diff;runtime/tests/commands/diff.test.ts",Implemented,Passed,2026-06-22,"PASS: 23-file slash-command batch passed diff.test plus command-surface and registry coverage.",None known,Not needed,
US-077,TUI slash,Protocol placeholder commands,"As a protocol user, I can invoke marketplace protocol verbs and get current capability status.","/claim, /delegate, /proof, /settle, and /stake are registered, print usage and requested args, and state that protocol transport is not attached yet.","/claim; /delegate; /proof; /settle; /stake","runtime/src/commands/protocol.ts","runtime/tests/commands/command-surface.test.ts;manual slash smoke",Implemented (stub expected),Passed,2026-06-22,"PASS: 23-file slash-command batch passed protocol.contract.test and command-surface.test for registered protocol placeholder verbs.",None known,Not needed,
US-078,TUI slash,Slash exit,"As a TUI user, I can shut down cleanly from the command palette.","/exit and /quit request clean session shutdown and exit instead of crashing or leaving background state inconsistent.","/exit; /quit","runtime/src/commands/exit.ts;runtime/src/tui/components/ExitFlow.tsx","check:tui-e2e scenario 05-ctrl-d-exit;runtime/tests/commands/exit.test.ts",Implemented,Passed,2026-06-22,"PASS: 23-file slash-command batch passed exit.test plus command-surface and registry coverage.",None known,Not needed,
US-079,TUI input,Prompt editing basics,"As a TUI user, I can type, submit, backspace, and avoid accidental empty submits.","Prompt input accepts normal text, submits non-empty prompts, clears with backspace, and ignores/handles empty submit predictably.","TUI prompt input","runtime/src/tui/components/PromptInput/;runtime/src/tui/hooks/useTextInput.ts;runtime/src/tui/input/processTextPrompt.ts","check:tui-e2e scenario 46-empty-submit;scenario 47-backspace-clears-input;runtime/tests/utils/handlePromptSubmit.test.ts",Implemented,Passed,2026-06-22,"PASS: 33-file Vitest input batch passed processPromptInput, processTextPrompt, PromptInput render/helpers, and vim submit routing; Bun handlePromptSubmit queueing test passed.",None known,Not needed,
US-080,TUI input,History recall and search,"As a TUI user, I can recall prior prompts from history.","Arrow history and history search load prompt history, navigate entries, and insert selected content into the composer.","Up/down arrows;history search UI","runtime/src/tui/hooks/useArrowKeyHistory.tsx;runtime/src/tui/history/HistorySearchDialog.tsx;runtime/src/tui/history/history.ts","check:tui-e2e scenario 48-arrow-history-recall;runtime/tests/tui/hooks/useArrowKeyHistory.test.tsx",Implemented,Passed,2026-06-22,"PASS: 33-file Vitest input batch passed useArrowKeyHistory, useHistorySearch, and HistorySearchDialog coverage.",None known,Not needed,
US-081,TUI input,Paste and multiline input,"As a TUI user, I can paste multiline text without corrupting the composer.","Paste handling detects multiline/large paste, shows confirmation when needed, preserves line breaks, and submits only when intended.","Paste into TUI","runtime/src/tui/hooks/usePasteHandler.ts;runtime/src/tui/components/PasteConfirmDialog.tsx;runtime/src/onboarding/inputPaste.ts","check:tui-e2e scenario 49-paste-multiline;runtime/tests/tui/components/PromptInput/inputPaste tests",Implemented,Passed,2026-06-22,"PASS: input batch passed usePasteHandler and PasteConfirmDialog; paste utility/onboarding batch passed 2 files and 11 tests.",None known,Not needed,
US-082,TUI input,Completions and typeahead,"As a TUI user, I can discover files, commands, agents, skills, and MCP items while typing.","Unified suggestions/tokenization power slash command, at-mention, file, and tool suggestions without resizing stable UI unexpectedly.","Tab/typeahead;@ picker;slash palette","runtime/src/tui/hooks/unifiedSuggestions.ts;runtime/src/tui/hooks/typeaheadTokens.ts;runtime/src/tui/hooks/fileSuggestions.ts","check:tui-e2e scenario 50-tab-on-empty;scenario 125-at-picker-line-feed-enter;scenario 126-at-picker-carriage-return-enter;runtime/tests/tui/hooks",Implemented,Passed,2026-06-22,"PASS: input batch passed useTypeahead, useTypeahead.hook, fileSuggestions, and slash suggestions; typeahead token/key-handling batch passed 2 files and 15 tests.",None known,Not needed,
US-083,TUI input,Custom keybindings,"As a keyboard-heavy user, I can customize and rely on reserved shortcuts.","Default and user keybindings are parsed, validated, displayed, and matched consistently, with reserved shortcuts protected.","TUI keyboard shortcuts","runtime/src/tui/keybindings/","check:tui-e2e scenario 30-slash-keybindings;runtime/tests/tui/keybindings",Implemented,Passed,2026-06-22,"PASS: 33-file Vitest input batch passed defaultBindings, loadUserBindings, validate, parser, shortcutFormat, KeybindingContext, KeybindingProviderSetup, and useKeybinding tests.",None known,Not needed,
US-084,TUI input,Vim input mode,"As a Vim user, I can use Vim-style prompt editing when enabled.","Vim input hooks implement mode transitions/operators and integrate with normal prompt submission.","Vim prompt mode","runtime/src/tui/hooks/useVimInput.ts;runtime/src/tui/components/VimTextInput.tsx;runtime/src/tui/vim","check:tui-e2e scenario 29-slash-vim;runtime/tests/tui/vim;runtime/tests/utils/handlePromptSubmit.vimMode.test.ts",Implemented,Passed,2026-06-22,"PASS: 33-file Vitest input batch passed Vim operators, transitions, motions, text objects, PromptInput.vimMode, useVimInput, and handlePromptSubmit.vimMode coverage.",None known,Not needed,
US-085,TUI display,Transcript rendering,"As a TUI user, I can read user, assistant, system, tool, attachment, and task messages clearly.","Message renderers select the correct component for each message type, support timestamps/selectors, and avoid overlapping rows.","TUI transcript","runtime/src/tui/components/Message.tsx;runtime/src/tui/message-renderers/","runtime/tests/tui/message-renderers;runtime/tests/tui/components/App.render.test.tsx",Implemented,Passed,2026-06-22,"PASS: display/permission batch passed 84 files and 430 tests including message-renderers, App.render, Message, MessageRow, and Messages coverage.",None known,Not needed,
US-086,TUI display,Virtual scroll and search,"As a TUI user in long sessions, I can scroll and search transcript history efficiently.","VirtualMessageList handles large transcript rendering, scroll keybindings, sticky prompt behavior, and global search overlays.","Scroll keys;global search","runtime/src/tui/components/VirtualMessageList.tsx;runtime/src/tui/components/GlobalSearchDialog.tsx;runtime/src/tui/components/ScrollKeybindingHandler.tsx","runtime/tests/tui/components/VirtualMessageList.test.tsx;runtime/tests/tui/history/transcriptSearch tests",Implemented,Passed,2026-06-22,"PASS: display/permission batch passed VirtualMessageList, ScrollKeybindingHandler, GlobalSearchDialog, and transcriptSearch tests.",None known,Not needed,
US-087,TUI display,Status line and footer chrome,"As a TUI user, I can see current mode/model/status without losing input space.","StatusLine/footer surfaces cost, duration, token, permission, yolo, model, and runtime notices in constrained terminal widths.","TUI footer/status line","runtime/src/tui/startup/StatusLine.tsx;runtime/src/tui/components/FullscreenLayout.tsx;runtime/src/tui/components/PromptInput/","check:tui-e2e scenario 52-status-line;scenario 54-yolo-footer-glyph;runtime/tests/tui/startup/StatusLine.test.tsx",Implemented,Passed,2026-06-22,"PASS: display/permission batch passed StatusLine, StatusNotices, FullscreenLayout, PromptInput footer, and permissionModeChrome tests.",None known,Not needed,
US-088,TUI display,Permission request UI,"As a TUI user, I can approve or deny tool requests safely.","Permission requests show tool context, support accept/deny/always choices, route decisions to daemon/local permission queues, and update pending state.","Permission approval overlay","runtime/src/tui/permission-requests.tsx;runtime/src/tui/approval-input-text.ts;runtime/src/permissions/tool-approval.ts","check:tui-e2e scenario 31-permission-accept;scenario 32-permission-deny;scenario 33-permission-always;runtime/tests/permissions/tool-use-confirm-queue.test.ts",Implemented,Passed,2026-06-22,"PASS: display/permission batch passed permission-requests, plan-routing, approval-input-text, tool-use-confirm-queue, tool-approval, and review-decision tests.",None known,Not needed,
US-089,TUI workbench,Project explorer and code preview,"As a TUI user, I can browse project files and preview code inside the terminal.","Workbench surfaces a project explorer and read-only preview alongside transcript/buffer state without corrupting terminal layout.","Workbench explorer/preview","runtime/src/tui/workbench;runtime/src/tui/components/QuickOpenDialog.tsx","runtime/tests/tui/workbench;runtime/scripts/check-tui-workbench-visual-smoke.mjs",Implemented,Passed,2026-06-22,"PASS: workbench/QuickOpen batch passed 53 files and 579 tests; check:tui-workbench-visual-smoke passed 148x40, 120x30, 80x24, and 60x20.",None known,Not needed,
US-090,TUI workbench,Editable buffer with embedded Neovim,"As a TUI user, I can edit files in an embedded Neovim buffer.","BUFFER prefers nvim --embed, owns process lifecycle/rendering/file safety, and cleans up child processes on TUI exit or kill.","Workbench BUFFER","runtime/src/tui/workbench;docs/embedded-neovim-buffer.md","check:tui-workbench-buffer-neovim;check:tui-e2e scenarios 120-124",Implemented,Passed,2026-06-22,"PASS: workbench batch passed buffer Neovim provider/lifecycle/grid/RPC/input/file-safety contracts; check:tui-workbench-buffer-neovim passed 5/5 scenarios.",None known,Not needed,
US-091,TUI workbench,Buffer fallback editors,"As a user without embedded Neovim, I still have an editing fallback.","When embedded Neovim is unavailable, the workbench can fall back to a basic inline editor or explicit external VISUAL/EDITOR handoff.","Workbench BUFFER fallback/external editor","runtime/src/tui/workbench;docs/embedded-neovim-buffer.md","check:tui-e2e scenario 121-workbench-buffer-neovim-missing-fallback;manual EDITOR smoke",Implemented,Passed,2026-06-22,"PASS: workbench batch passed buffer fallback inline and external editor tests; check:tui-workbench-buffer-neovim scenario 121 missing-fallback passed.",None known,Not needed,
US-092,Daemon protocol,JSON-RPC connection initialization,"As a client, I can authenticate and negotiate daemon protocol capabilities.","initialize validates JSON-RPC/auth cookie, returns protocol version, capabilities, and server info, and rejects unknown protocol/method shapes.","initialize","runtime/src/app-server/protocol/index.ts;runtime/src/app-server/transport/auth.ts;runtime/src/app-server/daemon-dispatcher.ts","runtime/tests/app-server-protocol/*.test.ts;runtime/tests/app-server-client/index.test.ts",Implemented,Passed,2026-06-22,"PASS after fix: protocol.contract retest passed 1 file and 7 tests; daemon protocol batch passed 75 files and 656 tests; sibling @tetsuo-ai/protocol typecheck passed.","DEFECT-001: sibling @tetsuo-ai/protocol package was missing ./daemon-json-rpc.schema.json export and generated schema, causing protocol.contract failure.","Fixed and retested","Fixed in /home/tetsuo/git/AgenC/agenc-protocol by adding the package export and synced generated schema."
US-093,Daemon protocol,Session lifecycle methods,"As a client, I can create/list/attach/detach/terminate/clear daemon sessions.","Protocol defines session lifecycle methods; implemented dispatcher paths exist for clear/snapshot/cancel and some lifecycle paths, while session.create/list/attach/detach/terminate currently include not-implemented branches unless backed by lifecycle routes.","session.create;session.list;session.attach;session.detach;session.terminate;session.clear;session.snapshot;session.cancelTurn","runtime/src/app-server/protocol/index.ts;runtime/src/app-server/daemon-dispatcher.ts;runtime/src/app-server/session-lifecycle.ts","runtime/tests/app-server-client/index.test.ts;runtime/tests/gaphunt3/tui-daemon-session.test.ts",Implemented (mixed as documented),Passed,2026-06-22,"PASS: daemon protocol batch passed app-server session lifecycle, daemon-dispatcher session-control, app-server-client, app-server-agent-cli, and tui-daemon-session coverage.",None known,Not needed,"Per-method mixed implementation remains expected and documented."
US-094,Daemon protocol,Message streaming,"As a client, I can send a message and receive streamed events.","message.send/message.stream validate session/content, route user messages to the run-turn pipeline, and emit chunks/tool/permission/session events to attached clients.","message.send;message.stream","runtime/src/app-server/daemon-dispatcher.ts;runtime/src/tui/daemon-session.ts;runtime/src/session/run-turn.ts","runtime/tests/phases/stream-model.test.ts;runtime/tests/app-server-client/index.test.ts;check:llm-pipeline",Implemented,Passed,2026-06-22,"PASS: daemon protocol batch passed app-server client, daemon session, stream-model, tool-input-events, thinking-events, and run-turn related coverage.",None known,Not needed,
US-095,Daemon protocol,Tool decision methods,"As a client, I can approve, deny, or cancel pending tool requests.","tool.approve/tool.deny/tool.cancel validate session and request ids and resolve queued permissions/tool requests with optional exit-plan payload.","tool.approve;tool.deny;tool.cancel","runtime/src/app-server/protocol/index.ts;runtime/src/app-server/daemon-dispatcher.ts;runtime/src/permissions/tool-approval.ts","runtime/tests/permissions/tool-approval.test.ts;runtime/tests/permissions/review-decision.test.ts",Implemented,Passed,2026-06-22,"PASS: daemon protocol batch passed tool-approval and review-decision tests alongside app-server dispatcher contracts.",None known,Not needed,
US-096,Daemon protocol,Command execution service,"As a client, I can run interactive or non-interactive commands through the daemon.","commandExec.start/write/resize/terminate manages child process or PTY sessions, streams outputDelta notifications, enforces timeouts, and cleans per-connection sessions.","commandExec.start;commandExec.write;commandExec.resize;commandExec.terminate","runtime/src/app-server/command-exec.ts;runtime/src/app-server/protocol/index.ts","runtime/tests/app-server-protocol/ide-extension.contract.test.ts;runtime/tests/tools/system/exec-command.test.ts",Implemented,Passed,2026-06-22,"PASS: daemon protocol batch passed app-server command-exec contract, IDE extension protocol contract, and system exec-command tests.",None known,Not needed,
US-097,Daemon protocol,Realtime threads,"As a voice/text realtime client, I can start, append to, stop, and list voices for realtime interactions.","Realtime methods start provider transport, append base64 PCM audio or text, emit transcript/audio/sdp/closed events, and list built-in voices/defaults.","thread/realtime/start;appendAudio;appendText;stop;listVoices","runtime/src/app-server/realtime.ts;runtime/src/app-server/realtime-transport.ts;runtime/src/conversation/realtime/","runtime/tests/conversation/realtime/*.test.ts;runtime/tests/tui/realtime",Implemented,Passed,2026-06-22,"PASS: daemon protocol batch passed app-server realtime contracts, conversation realtime contracts, WebRTC helpers, and TUI realtime controller/state/audio/panel tests.",None known,Not needed,
US-098,Daemon protocol,Health and reload,"As a daemon client, I can check health and trigger reloads.","health.ping/ready/stats return daemon status, memory/session/state stats; daemon.reload reloads config/MCP/server state and reports per-server results.","health.ping;health.ready;health.stats;daemon.reload","runtime/src/app-server/health.ts;runtime/src/app-server/daemon-dispatcher.ts;runtime/src/app-server/daemon-cli.ts","runtime/tests/state/health-stats.test.ts;runtime/scripts/check-daemon-errors/runner.mjs",Implemented,Passed,2026-06-22,"PASS: daemon protocol batch passed app-server health, state health-stats, daemon-dispatcher daemon.reload, daemon-cli reload, and session apply-config reload coverage.",None known,Not needed,
US-099,Daemon protocol,Filesystem fuzzy search,"As an IDE/portal client, I can search workspace files quickly.","fs.fuzzy_search accepts a query and returns ranked matching files within workspace constraints.","fs.fuzzy_search","runtime/src/app-server/fuzzy-file-search.ts;runtime/src/app-server/daemon-dispatcher.ts","runtime/tests/app-server-protocol/ide-extension.repo.contract.test.ts;targeted fuzzy search unit",Implemented,Passed,2026-06-22,"PASS: daemon protocol batch passed app-server fuzzy-file-search and IDE extension repo contract coverage for fs.fuzzy_search.",None known,Not needed,
US-100,Daemon protocol,Auth RPC,"As a client, I can login, logout, and inspect auth through the daemon.","auth.login/auth.whoami/auth.logout proxy the configured auth backend and return structured identity/auth state.","auth.login;auth.whoami;auth.logout","runtime/src/app-server/protocol/index.ts;runtime/src/app-server/daemon-dispatcher.ts;runtime/src/auth/","runtime/tests/app-server-protocol/portal-auth.contract.test.ts;runtime/tests/auth/backends",Implemented,Passed,2026-06-22,"PASS: daemon protocol batch passed portal-auth, app-server auth-surface/auth-backend contracts, auth backend contracts, and daemon-dispatcher auth coverage.",None known,Not needed,
US-101,Tools,Shell execution,"As the model/user workflow, AgenC can run shell commands with permissions and sandbox policy.","Bash/system.bash and exec_command run commands in the selected cwd, classify read/write risk, request approval when needed, stream/truncate output, and support abort/background behavior.","Bash tool;system.bash;exec_command","runtime/src/tools/BashTool/;runtime/src/tools/system/bash.ts;runtime/src/tools/system/exec-command.ts;runtime/src/permissions/bash.ts","runtime/tests/tools/BashTool/*.test.ts;runtime/tests/tools/system/bash.test.ts;runtime/tests/tools/system/exec-command.test.ts;check:tui-e2e scenario 10-yolo-tool-bash",Implemented,Passed,2026-06-22,"PASS: tools batch passed BashTool suites, system bash tests, UTF-8 truncation, bash rendering, and exec-command was covered in the daemon protocol batch.",None known,Not needed,
US-102,Tools,PowerShell execution,"As a Windows-oriented workflow, AgenC can run PowerShell commands with permissions.","PowerShell tool parses cmdlets/aliases, validates read/write mode/path safety, integrates git safety, and streams/truncates output like shell tools.","PowerShell tool","runtime/src/tools/PowerShellTool/","runtime/tests/shell-command/powershell-parser.test.ts;runtime/tests/tools/PowerShellTool.execution.test.ts",Implemented,Passed,2026-06-22,"PASS: tools batch passed PowerShell parser/safety coverage; added and ran bun test runtime/tests/tools/PowerShellTool.execution.test.ts, which executed a real PowerShellTool command through pwsh and verified stdout/stderr/interrupted output.","Coverage gap fixed: PowerShellTool execution is now directly exercised when pwsh/powershell is available.","Fixed by focused PowerShellTool execution smoke.",
US-103,Tools,File read,"As the model, I can inspect text, images, PDFs, and selected file ranges safely.","FileRead/Read validate paths against allowed roots, support offset/limit, MIME handling, image/PDF processing, session-read tracking, and capped output.","FileRead;Read;system readFile","runtime/src/tools/system/file-read.ts;runtime/src/tools/canonicalToolSurface.ts","runtime/tests/tools/system/file-read.test.ts;check:tui-e2e scenario 11-yolo-tool-read",Implemented,Passed,2026-06-22,"PASS: tools batch passed system file-read tests including read bounds and session-read behavior.",None known,Not needed,
US-104,Tools,File write,"As the model, I can create or overwrite files safely.","Write/FileWrite validate allowed paths, require read/session rules where applicable, write atomically, and track diffs/results.","Write;FileWrite","runtime/src/tools/system/file-write.ts;runtime/src/tools/FileWriteTool/FileWriteTool.ts","runtime/tests/tools/system/file-write.test.ts;check:tui-e2e scenario 34-yolo-tool-write",Implemented,Passed,2026-06-22,"PASS: tools batch passed system file-write and file-write-session-guard tests.",None known,Not needed,
US-105,Tools,File edit and multi-edit,"As the model, I can patch existing files safely.","Edit/FileEdit enforce read-before-write and mtime drift checks, perform exact replacements/multi-edits, and report structured failures.","Edit;FileEdit;system file edit","runtime/src/tools/system/file-edit.ts;runtime/src/tools/FileEditTool/","runtime/tests/tools/system/file-edit.test.ts;check:tui-e2e scenario 35-yolo-tool-edit",Implemented,Passed,2026-06-22,"PASS: tools batch passed system file-edit tests.",None known,Not needed,
US-106,Tools,Transactional apply_patch,"As the model, I can apply multi-file patches without partial corruption.","apply_patch parses add/update/delete/move hunks, plans changes in memory, commits transactionally, and rolls back on failure.","apply_patch tool","runtime/src/tools/apply-patch/","runtime/tests/tools/apply-patch;runtime/tests/gaphunt3/tools-apply-patch-runtime.test.ts",Implemented,Passed,2026-06-22,"PASS: tools batch passed apply-patch parser, fixture corpus, runtime, read-before-write, scenario, and gaphunt runtime tests.",None known,Not needed,
US-107,Tools,Search files and content,"As the model, I can find files and text quickly.","Glob and Grep use rg/globby or JS fallback, enforce allowed roots, cap output, and classify search/read behavior for permission/UI.","Glob;Grep;system.glob;system.grep","runtime/src/tools/system/glob.ts;runtime/src/tools/system/grep.ts;runtime/src/tools/canonicalToolSurface.ts","runtime/tests/tools/system/glob.test.ts;runtime/tests/tools/system/grep.test.ts;check:tui-e2e scenarios 12-13",Implemented,Passed,2026-06-22,"PASS: tools batch passed system glob, grep, and gaphunt grep coverage.",None known,Not needed,
US-108,Tools,Notebook editing,"As the model, I can edit notebook cells in supported files.","NotebookEdit validates workspace roots and applies notebook-specific edits through canonical/system tool surfaces.","NotebookEdit","runtime/src/tools/system/notebook-edit.ts;runtime/src/tools/NotebookEditTool/","runtime/tests/tools/system/notebook-edit.test.ts",Implemented,Passed,2026-06-22,"PASS: tools batch passed system notebook-edit tests.",None known,Not needed,
US-109,Tools,LSP intelligence,"As the model, I can query code symbols/definitions/references.","LSPTool and system symbol tools expose symbol search, definition, and references using configured LSP/code intelligence services.","LSPTool;system.symbolSearch;system.symbolDefinition;system.symbolReferences","runtime/src/tools/LSPTool/;runtime/src/tools/system/symbol-tools.ts;runtime/tests/services/lsp","runtime/tests/services/lsp;runtime/tests/tools/system/symbol-tools.test.ts",Implemented,Passed,2026-06-22,"PASS: tools batch passed services/lsp and system symbol-tools tests.",None known,Not needed,
US-110,Tools,Web fetch and web search,"As the model, I can retrieve web pages or search the web when allowed.","WebFetch fetches URLs with domain/size/prompt handling and untrusted-result framing; WebSearch delegates to configured search provider and returns summarized results.","WebFetch;web_search","runtime/src/tools/WebFetchTool/;runtime/src/tools/WebSearchTool/;runtime/src/untrusted-tool-result-framing.ts","runtime/tests/tools/WebFetchTool/*.test.ts;runtime/tests/tools/WebSearchTool if present",Implemented,Passed,2026-06-22,"PASS: tools batch passed WebFetchTool, WebFetch prompt regression, and WebSearch provider tests.",None known,Not needed,
US-111,Tools,MCP tools and resources,"As the model, I can use MCP server tools/resources/prompts.","MCP client manager connects transports, exposes tools/resources/prompts, supports auth, reconnect, collapse classification, and resource read/list tools.","mcp tools;ListMcpResourcesTool;ReadMcpResourceTool;McpAuthTool","runtime/src/mcp-client/;runtime/src/tools/MCPTool/;runtime/src/tools/ListMcpResourcesTool/;runtime/src/tools/ReadMcpResourceTool/","runtime/tests/mcp-client/*.test.ts;runtime/tests/tools/ToolSearchTool.test.ts",Implemented,Passed,2026-06-22,"PASS: tools batch passed mcp-client directory and MCPTool tests covering transports, resources, prompts, tools, reconnect, and auth surfaces.",None known,Not needed,
US-112,Tools,Sub-agent delegation,"As the model, I can delegate work to sub-agents and resume them.","AgentTool creates foreground/background/forked agents, resolves roles/aliases, tracks progress, and can resume agents with preserved metadata.","AgentTool","runtime/src/tools/AgentTool/;runtime/src/agents/","runtime/tests/tools/AgentTool/*.test.ts;runtime/tests/agents/*.test.ts;check:tui-e2e scenario 03-subagent-completion",Implemented,Passed,2026-06-22,"PASS: tools batch passed AgentTool and agents suites; cron registration batch also passed run-agent coverage.",None known,Not needed,
US-113,Tools,Durable task board,"As the model, I can create, inspect, update, list, and stop tasks.","TaskCreate/Get/Update/List manage durable task-board items with status, owner, metadata, dependencies; TaskOutput/TaskStop handle background task output and cancellation.","TaskCreate;TaskGet;TaskUpdate;TaskList;TaskOutput;TaskStop","runtime/src/tools/tasks/task-board.ts;runtime/src/tools/tasks/background.ts;runtime/src/tools/Task*Tool/","runtime/tests/tools/tasks/task-tools.test.ts;runtime/tests/tasks/*.test.ts",Implemented,Passed,2026-06-22,"PASS: tools batch passed task tools, TaskStopTool, and tasks lifecycle/registry/output/notification tests.",None known,Not needed,
US-114,Tools,Planning tools,"As the model, I can track a plan and request plan-mode transitions.","TodoWrite updates task plans; EnterPlanMode/ExitPlanMode transition modes and enforce plan approval/revision payloads.","TodoWrite;EnterPlanMode;ExitPlanMode;VerifyPlanExecutionTool","runtime/src/tools/system/planning.ts;runtime/src/tools/TodoWriteTool/;runtime/src/tools/EnterPlanModeTool/;runtime/src/tools/ExitPlanModeTool/","runtime/tests/planning/plan-files.test.ts;runtime/tests/planning/exit-plan-approval.test.ts",Implemented,Passed,2026-06-22,"PASS: tools batch passed planning plan-files and exit-plan-approval tests.",None known,Not needed,
US-115,Tools,Worktree tools,"As the model, I can enter and exit isolated git worktrees.","EnterWorktree/ExitWorktree create/switch/remove worktree context with UI messages and safety checks.","EnterWorktree;ExitWorktree","runtime/src/tools/system/worktree.ts;runtime/src/tools/EnterWorktreeTool/;runtime/src/tools/ExitWorktreeTool/","runtime/tests/tools/system/worktree.test.ts;runtime/tests/agents/worktree.test.ts",Implemented,Passed,2026-06-22,"PASS: tools batch passed system worktree, agents worktree, and gaphunt worktree tests.",None known,Not needed,
US-116,Tools,Tool discovery,"As the model, I can discover deferred tools when the initial tool set is too large.","ToolSearch/system.searchTools searches deferred metadata and exposes matching tools for the next model call.","ToolSearch;system.searchTools","runtime/src/tools/ToolSearchTool/;runtime/src/tools/system/tool-search.ts;runtime/src/tools/deferred-discovery.ts","runtime/tests/tools/ToolSearchTool.test.ts;runtime/tests/tools/system/tool-search.test.ts",Implemented,Passed,2026-06-22,"PASS: tools batch passed ToolSearchTool and system tool-search tests.",None known,Not needed,
US-117,Tools,Monitoring and sleep,"As the model, I can wait for asynchronous conditions without blocking the whole app.","Monitor tracks long-running shell command output; Sleep pauses for a requested duration and cooperates with aborts.","Monitor;Sleep","runtime/src/tools/MonitorTool/;runtime/src/tools/system/monitor.ts;runtime/src/tools/system/sleep.ts","runtime/tests/tools/system/monitor.test.ts;targeted Sleep unit",Implemented,Passed,2026-06-22,"PASS: tools batch passed monitor and monitor-timeout tests; direct Sleep smoke passed normal completion and abort handling.",None known,Not needed,
US-118,Tools,Cron scheduling,"As the model, I can create, list, and delete scheduled cron jobs when supported.","ScheduleCron tools validate names/schedules, create/list/delete cron entries, and render tool UI.","CronCreateTool;CronListTool;CronDeleteTool","runtime/src/tools/ScheduleCronTool/","runtime/tests/cronScheduler.test.ts;runtime/tests/tools/ScheduleCronTool.execution.test.ts",Implemented,Passed,2026-06-22,"PASS: cronScheduler, tool-surface consolidation, and run-agent registration tests passed; added and ran bun test runtime/tests/tools/ScheduleCronTool.execution.test.ts, which validated CronCreate, created a session cron, listed it, deleted it, and confirmed the list was empty.","Coverage gap fixed: direct CronCreate/List/Delete tool-call behavior is now covered.","Fixed by focused ScheduleCron tool execution smoke.",
US-119,Tools,Ask user question and elicitation,"As the model, I can request structured user input mid-turn.","AskUserQuestion/request-user-input routes questions to the TUI/daemon, waits for user response or optional auto-resolution, and emits elicitation responses.","AskUserQuestionTool;request_user_input;elicitation.respond","runtime/src/tools/ask-user-question/;runtime/src/elicitation/;runtime/src/app-server/protocol/index.ts","runtime/tests/tools/ask-user-question-tui-routing.test.tsx;runtime/tests/elicitation if present",Implemented,Passed,2026-06-22,"PASS: tools batch passed ask-user-question routing/tool tests, elicitation tests, app-server elicitation dispatcher, and TUI elicitation submit routing.",None known,Not needed,
US-120,Tools,Structured and synthetic output,"As the model, I can produce validated structured output when requested.","SyntheticOutput/StructuredOutput validates that a synthetic output tool was created with a schema before use and returns schema-shaped results.","SyntheticOutputTool;StructuredOutput","runtime/src/tools/SyntheticOutputTool/;runtime/src/llm/structured-output.ts","runtime/tests/tools/SyntheticOutputTool/SyntheticOutputTool.test.ts;runtime/tests/llm/structured-output.test.ts",Implemented,Passed,2026-06-22,"PASS: tools batch passed SyntheticOutputTool, llm structured-output, and gaphunt structured-output tests.",None known,Not needed,
US-121,Tools,Code mode execution,"As the model, I can run nested tool-oriented code cells in code mode.","Code mode exposes exec/wait tools, gates nested safe tools, tracks cell ids/output, and supports wait/terminate semantics.","code-mode exec;code-mode wait","runtime/src/tools/code-mode/","runtime/tests/tools/code-mode/*.test.ts",Implemented,Passed,2026-06-22,"PASS: tools batch passed code-mode turn-host, service, description, and tools tests.",None known,Not needed,
US-122,Safety,Permission modes and policies,"As a user, I can rely on approval modes to constrain tool use.","Permission evaluator combines mode, persisted rules, hooks, guardian, unattended policy, and deny floor to allow/ask/deny tool calls.","Permission evaluator","runtime/src/permissions/evaluator.ts;runtime/src/permissions/approval-policy.ts;runtime/src/permissions/unattended-policy.ts","runtime/tests/permissions/*.test.ts;runtime/tests/permissions/guardian/*.test.ts",Implemented,Passed,2026-06-22,"PASS: safety batch passed permissions directory plus gaphunt classifier and unattended-policy tests.",None known,Not needed,
US-123,Safety,Sandbox execution,"As a user, I can run shell commands under an OS sandbox when enabled.","Sandbox policy resolves kernel sandbox launch helpers and confines shell execution on supported platforms.","Sandboxed shell mode","runtime/src/permissions/sandbox.ts;runtime/src/sandbox/;runtime/package.json","runtime/tests/permissions/sandbox.test.ts;runtime/tests/sandbox/engine",Implemented,Passed,2026-06-22,"PASS: safety batch passed permissions sandbox tests and sandbox engine, hardening, network-policy, escalation, seatbelt, and Linux launcher tests.",None known,Not needed,
US-124,Safety,Secret sanitization,"As a user, secrets should not leak through logs or tool output.","Secret sanitizer detects common key/token/wallet patterns, redacts them in relevant output, and includes wallet/mnemonic protections.","Secret sanitizer","runtime/src/secrets/;runtime/tests/secrets/","runtime/tests/secrets/sanitizer.test.ts;runtime/tests/secrets/sanitizer-wallet.test.ts",Implemented,Passed,2026-06-22,"PASS: safety batch passed secrets sanitizer, wallet, bare mnemonic adjacency, and gaphunt sanitizer tests.",None known,Not needed,
US-125,Safety,Transaction guard,"As a user doing blockchain work, risky transactions are guarded by local policy.","Transaction guard validates commands/contexts against configured SLM/court guard behavior before allowing risky execution.","Transaction guard","runtime/src/transaction-guard/;docs/security/slm-transaction-guard.md","runtime/tests/transaction-guard/transaction-guard.test.ts;runtime/tests/gaphunt3/transaction-guard-ollama-courtguard.test.ts",Implemented,Passed,2026-06-22,"PASS: safety batch passed transaction-guard unit tests and gaphunt Ollama CourtGuard prompt-fence regression tests.",None known,Not needed,
US-126,Sessions,Durable rollout storage and resume,"As a user, my session transcript survives process restarts.","Session store writes append-only rollout logs plus atomic index snapshots, handles degraded/corrupt state, and reconstructs message history for resume.","Session persistence;--resume;--continue","runtime/src/session/rollout-store.ts;runtime/src/session/session-store.ts;runtime/src/session/rollout-reconstruction.ts","runtime/tests/runtime-session.compact-contract.test.ts;runtime/tests/session/*.test.ts;runtime/tests/state/recovery-restart.test.ts",Implemented,Passed,2026-06-22,"PASS: sessions/prompts batch passed session directory, runtime-session compact contract, and state recovery-restart tests.",None known,Not needed,
US-127,Sessions,Compaction and context budget,"As a user, long sessions stay within model context limits.","Token budget tracking, context usage, compact commands, and post-sample recovery decide when to compact/continue/recover.","/compact;/context;token budget","runtime/src/conversation/token-budget.ts;runtime/src/phases/post-sample-recovery.ts;runtime/src/services/compact/","runtime/tests/conversation/token-budget.test.ts;runtime/tests/phases/post-sample-recovery.*.test.ts",Implemented,Passed,2026-06-22,"PASS: sessions/prompts batch passed token-budget, post-sample-recovery compact/token-budget, runtime/session compact, and run-turn compaction tests.",None known,Not needed,
US-128,Sessions,Autonomous and proactive mode,"As a user, I can let AgenC keep working autonomously when enabled.","Autonomous mode schedules keepalive ticks, labels submit source, respects configuration, and avoids unwanted loops when disabled.","--autonomous;--proactive","runtime/src/session/autonomous-mode.ts;runtime/src/bin/route.ts","runtime/tests/prompts/attachments/auto-mode.test.ts;targeted autonomous-mode tests",Implemented,Passed,2026-06-22,"PASS: sessions/prompts batch passed session autonomous-mode and prompt attachment auto-mode tests.",None known,Not needed,
US-129,Sessions,"Cost, usage, and cache tracking","As a user, I can see cost/token/cache stats for a session.","Cost tracker, cache metrics, status/snapshot, and TUI indicators aggregate duration, tokens, cost, lines changed, and cache stats.","/status;/usage;/cache-stats;status line","runtime/src/cost/tracker.ts;runtime/src/services/api/cacheStatsTracker.ts;runtime/src/app-server/protocol/index.ts;runtime/src/tui/cost/","runtime/tests/cost/tracker.test.ts;runtime/tests/services/api/cacheMetrics*.test.ts;check:tui-e2e scenarios 68-71",Implemented,Passed,2026-06-22,"PASS: sessions/prompts batch passed cost tracker, gaphunt session-cost, cacheStatsTracker, cacheMetrics, cacheMetricsIntegration, and TUI cost tests.",None known,Not needed,
US-130,Prompts,Project instructions and rules,"As a project owner, I can shape agent behavior with AGENTS/AGENC docs and rules.","Prompt assembly discovers project instructions/rules, tiered warnings, and system sections while sanitizing reminder content.","AGENTS.md;AGENC.md;prompt assembly","runtime/src/prompts/agenc-md.ts;runtime/src/prompts/project-instructions.ts;runtime/src/prompts/system-prompt.ts;runtime/src/prompts/rules/discovery.ts","runtime/tests/prompts/agenc-md.test.ts;runtime/tests/prompts/project-instructions.test.ts;runtime/tests/prompts/system-prompt.test.ts",Implemented,Passed,2026-06-22,"PASS: sessions/prompts batch passed agenc-md, project-instructions, system-prompt, prompt rules discovery, and gaphunt system-prompt tests.",None known,Not needed,
US-131,Prompts,File mentions and attachments,"As a TUI/CLI user, I can mention files and attach images/PDFs for context.","Mention expansion validates roots, reads relevant files/ranges, formats rejections, and handles image/PDF input conversion.","@file;file mentions;--image;PDF attachments","runtime/src/prompts/file-mentions.ts;runtime/src/prompts/attachments/;runtime/src/utils/attachments.ts","runtime/tests/prompts/file-mentions.test.ts;runtime/tests/prompts/attachments/*.test.ts",Implemented,Passed,2026-06-22,"PASS: sessions/prompts batch passed file-mentions, prompt attachments, and utility attachment extractor tests.",None known,Not needed,
US-132,Prompts,Dynamic context attachments,"As the model, I receive relevant live context without stale duplication.","Attachment orchestrator adds changed files, memories, agent listings, MCP deltas/resources, output style, date changes, critical reminders, and plan reminders as needed.","Prompt attachment pipeline","runtime/src/prompts/attachments/","runtime/tests/prompts/attachments/*.test.ts",Implemented,Passed,2026-06-22,"PASS: sessions/prompts batch passed prompt attachment orchestrator, messages, changed-files, MCP delta, memory, agent listing, output-style, date-change, critical reminder, and plan reminder tests.",None known,Not needed,
US-133,Memory,Project and session memory,"As a user/team, useful context can be stored and recalled across work.","Memory modules scan, store, age, retrieve relevant memories, respect privacy, and manage session memory contracts.","/memory;memory extraction/retrieval","runtime/src/memory/;runtime/src/memdir/;runtime/src/services/extractMemories/","runtime/tests/memory/*.test.ts;runtime/tests/memdir/memory.contract.test.ts;runtime/tests/services/extractMemories",Implemented,Passed,2026-06-22,"PASS: memory batch passed 21 files and 126 tests across memory, memdir, extractMemories, memory wiring, AgentTool memory, command memory, and TUI memory components.",None known,Not needed,
US-134,Plugins,Plugin loading and registration,"As a plugin author/user, installed plugins can add commands, skills, hooks, output styles, agents, MCP and LSP integrations.","Plugin loader merges configured sources, validates manifests, normalizes identifiers, registers contributed surfaces, and caches plugin assets safely.","Plugin runtime","runtime/src/plugins/loader.ts;runtime/src/plugins/registration/;runtime/src/plugins/manifest-schema.ts","runtime/tests/plugins/*.test.ts;runtime/tests/utils/plugins/*.test.ts",Implemented,Passed,2026-06-22,"PASS: plugin batch passed 15 files and 183 tests across plugin loader, registration, resolution, marketplace, sandbox, utils/plugins, CLI, and slash plugin coverage.",None known,Not needed,
US-135,Provider,Provider-neutral LLM client,"As a user, I can use multiple model providers through one session engine.","Provider registry/model catalog, capabilities, retries, fallback ladder, timeout/watchdog, and wire shims normalize xAI, Anthropic SDK, OpenAI-compatible, Ollama/local, Bedrock/Groq/Gemini/LmStudio where configured.","LLM provider pipeline","runtime/src/llm/;runtime/src/services/api/","runtime/tests/llm/*.test.ts;runtime/tests/llm/providers/**/*.test.ts;runtime/scripts/check-llm-pipeline/runner.mjs",Implemented,Passed,2026-06-22,"PASS: provider/stream batch passed 95 files and 1,340 tests; check:llm-pipeline passed 7/7 local pipeline scenarios.",None known,Not needed,
US-136,Provider,Streaming and tool loop,"As a user, model responses stream and tool calls execute in order safely.","stream-model parses provider streams, emits thinking/text/tool events, execute-tools runs approved calls, stop hooks fire, and recovery handles malformed/failed samples.","Model turn pipeline","runtime/src/phases/stream-model.ts;runtime/src/phases/execute-tools.ts;runtime/src/phases/stop-hooks.ts;runtime/src/session/run-turn.ts","runtime/tests/phases/*.test.ts;runtime/tests/session/run-turn.test.ts;runtime/tests/tools/streaming-executor.test.ts",Implemented,Passed,2026-06-22,"PASS: provider/stream batch passed phases, run-turn, streaming-executor, gaphunt phases, and session-run-turn coverage.",None known,Not needed,
US-137,Packaging,Public launcher autostart,"As an installed package user, the public agenc binary starts/attaches the daemon then delegates to runtime.","packages/agenc launcher autostarts daemon unless disabled, waits for readiness using AGENC_DAEMON_READY_TIMEOUT_MS, and invokes runtime binary.","packages/agenc/bin/agenc","packages/agenc/;runtime/src/app-server/daemon-autostart.ts","packages/agenc/test/*.test.mjs;runtime/tests/utils/agencInstallSurfaces.test.ts",Implemented,Passed,2026-06-22,"PASS: packages/agenc node --test suite passed 14 tests; runtime agencInstallSurfaces and daemon-autostart contract tests passed 2 files and 10 tests.",None known,Not needed,
US-138,Packaging,Service templates,"As an operator, I can install AgenC daemon as an OS service.","packaging contains systemd/launchd/Windows service templates for daemon start --foreground.","packaging/","packaging/","manual template inspection;service dry-run where supported",Implemented,Passed,2026-06-22,"PASS: service template smoke verified systemd, launchd, and Windows templates all invoke agenc daemon start --foreground.",None known,Not needed,
US-139,Build and validation,Runtime build,"As a contributor, I can build a distributable runtime.","npm run build bundles runtime/dist, writes VERSION, copies policy assets, and verifies package entrypoints.","npm run build","runtime/scripts/build-runtime.mjs;runtime/scripts/write-build-version.mjs;runtime/scripts/check-package-entrypoints.mjs","npm run build",Implemented,Passed,2026-06-22,"PASS: npm run build bundled runtime/dist, wrote dist/VERSION for 0.2.0, and check-package-entrypoints verified 4 runtime entrypoints.",None known,Not needed,
US-140,Build and validation,Typecheck and tests,"As a contributor, I can verify type and behavior regressions locally.","npm test runs runtime typecheck plus full vitest suite; test:bun runs isolated Bun suite; validate:runtime runs typecheck, build, and PTY startup smoke.","npm run typecheck;npm test;npm run test:bun;npm run validate:runtime","package.json;runtime/package.json;AGENTS.md","npm run typecheck;npm test;npm run test:bun;npm run validate:runtime",Implemented,Passed,2026-06-22,"PASS: after adding the PowerShell and cron smokes, npm test passed typecheck plus Vitest with 1,522 files passed, 2 skipped, 12,889 tests passed, 10 skipped; npm run test:bun passed 86 isolated files; npm run validate:runtime passed typecheck, build, package entrypoints, and PTY startup smoke.",None known,Not needed,
